Site_ID,Latitude,Longitude,Elevation_in_Meters,State,Species_ID,Genus,Species,Common_Name,Kingdom,Phenophase_ID,Phenophase_Category,Phenophase_Description,First_Yes_Sample_Size,Mean_First_Yes_Year,Mean_First_Yes_DOY,Mean_First_Yes_Julian_Date,SE_First_Yes_In_Days,SD_First_Yes_In_Days,Mean_NumDays_Since_Prior_No,SE_NumDays_Since_Prior_No,SD_NumDays_Since_Prior_No,Last_Yes_Sample_Size,Mean_Last_Yes_Year,Mean_Last_Yes_DOY,Mean_Last_Yes_Julian_Date,SE_Last_Yes_in_Days,SD_Last_Yes_in_Days,Mean_NumDays_Until_Next_No,SE_NumDays_Until_Next_No,SD_NumDays_Until_Next_No,Num_Individuals_with_Multiple_FirstY,Multiple_FirstY_Individual_IDs
4846,41.437077,-81.864555,228,OH,391,Pieris,rapae,cabbage white,Animalia,312,Activity,Flower visitation,1,2011,212,2455774,-9999,-9999,12,-9999,-9999,0,-9999,-9999,-9999,-9999,-9999,-9999,-9999,-9999,0,''
4846,41.437077,-81.864555,228,OH,391,Pieris,rapae,cabbage white,Animalia,327,Activity,Active adults,1,2011,121,2455683,-9999,-9999,8,-9999,-9999,0,-9999,-9999,-9999,-9999,-9999,-9999,-9999,-9999,0,''
5116,34.928726,-79.782715,84,NC,391,Pieris,rapae,cabbage white,Animalia,327,Activity,Active adults,1,2011,234,2455796,-9999,-9999,1,-9999,-9999,1,2011,234,2455796,-9999,-9999,1,-9999,-9999,1,'14649'
4846,41.437077,-81.864555,228,OH,391,Pieris,rapae,cabbage white,Animalia,327,Activity,Active adults,1,2012,84,2456011,-9999,-9999,6,-9999,-9999,0,-9999,-9999,-9999,-9999,-9999,-9999,-9999,-9999,0,''
5758,28.057789,-82.424065,12,FL,391,Pieris,rapae,cabbage white,Animalia,327,Activity,Active adults,1,2012,261,2456188,-9999,-9999,3,-9999,-9999,1,2012,296,2456223,-9999,-9999,1,-9999,-9999,1,'23502'
6326,44.999458,-67.422913,113,ME,391,Pieris,rapae,cabbage white,Animalia,312,Activity,Flower visitation,1,2012,126,2456053,-9999,-9999,13,-9999,-9999,1,2012,275,2456202,-9999,-9999,22,-9999,-9999,0,''
6326,44.999458,-67.422913,113,ME,391,Pieris,rapae,cabbage white,Animalia,327,Activity,Active adults,1,2012,126,2456053,-9999,-9999,13,-9999,-9999,1,2012,275,2456202,-9999,-9999,22,-9999,-9999,0,''
6326,44.999458,-67.422913,113,ME,391,Pieris,rapae,cabbage white,Animalia,330,Reproduction,Mating (lepidoptera),1,2012,136,2456063,-9999,-9999,7,-9999,-9999,1,2012,157,2456084,-9999,-9999,30,-9999,-9999,0,''
6326,44.999458,-67.422913,113,ME,391,Pieris,rapae,cabbage white,Animalia,333,Development,Active caterpillars,1,2012,187,2456114,-9999,-9999,30,-9999,-9999,0,-9999,-9999,-9999,-9999,-9999,-9999,-9999,-9999,0,''
6326,44.999458,-67.422913,113,ME,391,Pieris,rapae,cabbage white,Animalia,447,Development,Caterpillars feeding,1,2012,187,2456114,-9999,-9999,30,-9999,-9999,0,-9999,-9999,-9999,-9999,-9999,-9999,-9999,-9999,0,''
6543,58.480236,-134.783279,13,AK,391,Pieris,rapae,cabbage white,Animalia,289,Development,Dead adults,0,-9999,-9999,-9999,-9999,-9999,-9999,-9999,-9999,1,2012,157,2456084,-9999,-9999,7,-9999,-9999,0,''
6543,58.480236,-134.783279,13,AK,391,Pieris,rapae,cabbage white,Animalia,312,Activity,Flower visitation,1,2012,143,2456070,-9999,-9999,8,-9999,-9999,1,2012,171,2456098,-9999,-9999,7,-9999,-9999,0,''
6543,58.480236,-134.783279,13,AK,391,Pieris,rapae,cabbage white,Animalia,327,Activity,Active adults,1,2012,114,2456041,-9999,-9999,7,-9999,-9999,1,2012,178,2456105,-9999,-9999,7,-9999,-9999,1,'19528'
6543,58.480236,-134.783279,13,AK,391,Pieris,rapae,cabbage white,Animalia,330,Reproduction,Mating (lepidoptera),1,2012,157,2456084,-9999,-9999,14,-9999,-9999,1,2012,157,2456084,-9999,-9999,7,-9999,-9999,0,''
6560,40.695343,-80.304787,240,PA,391,Pieris,rapae,cabbage white,Animalia,327,Activity,Active adults,1,2012,77,2456004,-9999,-9999,3,-9999,-9999,1,2012,77,2456004,-9999,-9999,17,-9999,-9999,0,''
6600,43.072197,-87.895683,201,WI,391,Pieris,rapae,cabbage white,Animalia,327,Activity,Active adults,1,2012,95,2456022,-9999,-9999,17,-9999,-9999,1,2012,95,2456022,-9999,-9999,4,-9999,-9999,0,''
8170,44.608673,-68.874466,8,ME,391,Pieris,rapae,cabbage white,Animalia,312,Activity,Flower visitation,1,2012,253,2456180,-9999,-9999,1,-9999,-9999,1,2012,253,2456180,-9999,-9999,1,-9999,-9999,0,''
8170,44.608673,-68.874466,8,ME,391,Pieris,rapae,cabbage white,Animalia,327,Activity,Active adults,1,2012,106,2456033,-9999,-9999,1,-9999,-9999,1,2012,269,2456196,-9999,-9999,1,-9999,-9999,1,'22905'
8520,41.482742,-71.437515,27,RI,391,Pieris,rapae,cabbage white,Animalia,312,Activity,Flower visitation,1,2012,134,2456061,-9999,-9999,1,-9999,-9999,1,2012,297,2456224,-9999,-9999,5,-9999,-9999,1,'25972'
8520,41.482742,-71.437515,27,RI,391,Pieris,rapae,cabbage white,Animalia,327,Activity,Active adults,1,2012,134,2456061,-9999,-9999,1,-9999,-9999,1,2012,297,2456224,-9999,-9999,5,-9999,-9999,1,'25972'
8520,41.482742,-71.437515,27,RI,391,Pieris,rapae,cabbage white,Animalia,330,Reproduction,Mating (lepidoptera),1,2012,159,2456086,-9999,-9999,1,-9999,-9999,1,2012,257,2456184,-9999,-9999,1,-9999,-9999,1,'25972'
8520,41.482742,-71.437515,27,RI,391,Pieris,rapae,cabbage white,Animalia,333,Development,Active caterpillars,1,2012,242,2456169,-9999,-9999,1,-9999,-9999,1,2012,288,2456215,-9999,-9999,2,-9999,-9999,1,'25972'
8520,41.482742,-71.437515,27,RI,391,Pieris,rapae,cabbage white,Animalia,447,Development,Caterpillars feeding,1,2012,242,2456169,-9999,-9999,1,-9999,-9999,1,2012,297,2456224,-9999,-9999,5,-9999,-9999,1,'25972'
8736,44.903229,-93.217445,254,MN,391,Pieris,rapae,cabbage white,Animalia,327,Activity,Active adults,1,2012,153,2456080,-9999,-9999,5,-9999,-9999,1,2012,198,2456125,-9999,-9999,2,-9999,-9999,1,'28351'
4846,41.437077,-81.864555,228,OH,391,Pieris,rapae,cabbage white,Animalia,312,Activity,Flower visitation,1,2013,254,2456547,-9999,-9999,24,-9999,-9999,1,2013,254,2456547,-9999,-9999,17,-9999,-9999,0,''
4846,41.437077,-81.864555,228,OH,391,Pieris,rapae,cabbage white,Animalia,327,Activity,Active adults,1,2013,121,2456414,-9999,-9999,11,-9999,-9999,1,2013,286,2456579,-9999,-9999,7,-9999,-9999,1,'10833'
4846,41.437077,-81.864555,228,OH,391,Pieris,rapae,cabbage white,Animalia,330,Reproduction,Mating (lepidoptera),1,2013,128,2456421,-9999,-9999,7,-9999,-9999,1,2013,128,2456421,-9999,-9999,9,-9999,-9999,0,''
8736,44.903229,-93.217445,254,MN,391,Pieris,rapae,cabbage white,Animalia,312,Activity,Flower visitation,1,2013,228,2456521,-9999,-9999,4,-9999,-9999,1,2013,228,2456521,-9999,-9999,3,-9999,-9999,0,''
8736,44.903229,-93.217445,254,MN,391,Pieris,rapae,cabbage white,Animalia,327,Activity,Active adults,1,2013,188,2456481,-9999,-9999,8,-9999,-9999,1,2013,262,2456555,-9999,-9999,7,-9999,-9999,1,'28351'
9249,32.094242,-99.142578,525,TX,391,Pieris,rapae,cabbage white,Animalia,312,Activity,Flower visitation,1,2013,68,2456361,-9999,-9999,13,-9999,-9999,1,2013,75,2456368,-9999,-9999,2,-9999,-9999,1,'32977'
9264,32.098118,-99.144035,518,TX,391,Pieris,rapae,cabbage white,Animalia,312,Activity,Flower visitation,1,2013,76,2456369,-9999,-9999,6,-9999,-9999,0,-9999,-9999,-9999,-9999,-9999,-9999,-9999,-9999,0,''
9368,43.373749,-73.782425,243,NY,391,Pieris,rapae,cabbage white,Animalia,312,Activity,Flower visitation,0,-9999,-9999,-9999,-9999,-9999,-9999,-9999,-9999,1,2013,129,2456422,-9999,-9999,21,-9999,-9999,0,''
9368,43.373749,-73.782425,243,NY,391,Pieris,rapae,cabbage white,Animalia,327,Activity,Active adults,0,-9999,-9999,-9999,-9999,-9999,-9999,-9999,-9999,1,2013,150,2456443,-9999,-9999,12,-9999,-9999,0,''
9475,32.133049,-99.163399,532,TX,391,Pieris,rapae,cabbage white,Animalia,312,Activity,Flower visitation,1,2013,41,2456334,-9999,-9999,8,-9999,-9999,1,2013,41,2456334,-9999,-9999,7,-9999,-9999,0,''
9973,44.57917,-123.261642,65,OR,391,Pieris,rapae,cabbage white,Animalia,289,Development,Dead adults,1,2013,160,2456453,-9999,-9999,29,-9999,-9999,0,-9999,-9999,-9999,-9999,-9999,-9999,-9999,-9999,0,''
9973,44.57917,-123.261642,65,OR,391,Pieris,rapae,cabbage white,Animalia,312,Activity,Flower visitation,1,2013,125,2456418,-9999,-9999,4,-9999,-9999,0,-9999,-9999,-9999,-9999,-9999,-9999,-9999,-9999,0,''
9973,44.57917,-123.261642,65,OR,391,Pieris,rapae,cabbage white,Animalia,330,Reproduction,Mating (lepidoptera),1,2013,125,2456418,-9999,-9999,4,-9999,-9999,0,-9999,-9999,-9999,-9999,-9999,-9999,-9999,-9999,0,''
9973,44.57917,-123.261642,65,OR,391,Pieris,rapae,cabbage white,Animalia,333,Development,Active caterpillars,1,2013,125,2456418,-9999,-9999,4,-9999,-9999,0,-9999,-9999,-9999,-9999,-9999,-9999,-9999,-9999,0,''
9973,44.57917,-123.261642,65,OR,391,Pieris,rapae,cabbage white,Animalia,447,Development,Caterpillars feeding,1,2013,125,2456418,-9999,-9999,4,-9999,-9999,0,-9999,-9999,-9999,-9999,-9999,-9999,-9999,-9999,0,''
10145,42.602543,-83.250992,272,MI,391,Pieris,rapae,cabbage white,Animalia,312,Activity,Flower visitation,1,2013,168,2456461,-9999,-9999,1,-9999,-9999,1,2013,262,2456555,-9999,-9999,4,-9999,-9999,1,'38859'
10145,42.602543,-83.250992,272,MI,391,Pieris,rapae,cabbage white,Animalia,327,Activity,Active adults,1,2013,126,2456419,-9999,-9999,1,-9999,-9999,1,2013,291,2456584,-9999,-9999,1,-9999,-9999,1,'38859'
10145,42.602543,-83.250992,272,MI,391,Pieris,rapae,cabbage white,Animalia,447,Development,Caterpillars feeding,1,2013,136,2456429,-9999,-9999,1,-9999,-9999,1,2013,167,2456460,-9999,-9999,1,-9999,-9999,1,'38859'
10382,38.260456,-85.7995,136,KY,391,Pieris,rapae,cabbage white,Animalia,312,Activity,Flower visitation,1,2013,96,2456389,-9999,-9999,1,-9999,-9999,1,2013,96,2456389,-9999,-9999,1,-9999,-9999,1,'40415'
10382,38.260456,-85.7995,136,KY,391,Pieris,rapae,cabbage white,Animalia,327,Activity,Active adults,1,2013,96,2456389,-9999,-9999,1,-9999,-9999,1,2013,121,2456414,-9999,-9999,15,-9999,-9999,1,'40415'
10873,47.306736,-122.519081,16,WA,391,Pieris,rapae,cabbage white,Animalia,312,Activity,Flower visitation,1,2013,140,2456433,-9999,-9999,10,-9999,-9999,1,2013,123,2456416,-9999,-9999,7,-9999,-9999,1,'43604'
10873,47.306736,-122.519081,16,WA,391,Pieris,rapae,cabbage white,Animalia,327,Activity,Active adults,1,2013,140,2456433,-9999,-9999,10,-9999,-9999,1,2013,123,2456416,-9999,-9999,7,-9999,-9999,1,'43604'
10936,38.802597,-76.691757,17,MD,391,Pieris,rapae,cabbage white,Animalia,312,Activity,Flower visitation,1,2013,163,2456456,-9999,-9999,1,-9999,-9999,1,2013,256,2456549,-9999,-9999,4,-9999,-9999,1,'43542'
10936,38.802597,-76.691757,17,MD,391,Pieris,rapae,cabbage white,Animalia,330,Reproduction,Mating (lepidoptera),1,2013,178,2456471,-9999,-9999,1,-9999,-9999,1,2013,233,2456526,-9999,-9999,1,-9999,-9999,1,'43542'
4846,41.437077,-81.864555,228,OH,391,Pieris,rapae,cabbage white,Animalia,312,Activity,Flower visitation,1,2014,271,2456929,-9999,-9999,1,-9999,-9999,1,2014,248,2456906,-9999,-9999,22,-9999,-9999,1,'10833'
4846,41.437077,-81.864555,228,OH,391,Pieris,rapae,cabbage white,Animalia,327,Activity,Active adults,1,2014,124,2456782,-9999,-9999,8,-9999,-9999,0,-9999,-9999,-9999,-9999,-9999,-9999,-9999,-9999,0,''
8736,44.903229,-93.217445,254,MN,391,Pieris,rapae,cabbage white,Animalia,312,Activity,Flower visitation,1,2014,224,2456882,-9999,-9999,1,-9999,-9999,1,2014,263,2456921,-9999,-9999,3,-9999,-9999,1,'28351'
8736,44.903229,-93.217445,254,MN,391,Pieris,rapae,cabbage white,Animalia,327,Activity,Active adults,1,2014,177,2456835,-9999,-9999,3,-9999,-9999,1,2014,266,2456924,-9999,-9999,2,-9999,-9999,1,'28351'
9973,44.57917,-123.261642,65,OR,391,Pieris,rapae,cabbage white,Animalia,327,Activity,Active adults,1,2014,82,2456740,-9999,-9999,8,-9999,-9999,0,-9999,-9999,-9999,-9999,-9999,-9999,-9999,-9999,0,''
10145,42.602543,-83.250992,272,MI,391,Pieris,rapae,cabbage white,Animalia,327,Activity,Active adults,1,2014,126,2456784,-9999,-9999,1,-9999,-9999,1,2014,300,2456958,-9999,-9999,1,-9999,-9999,1,'38859'
10936,38.802597,-76.691757,17,MD,391,Pieris,rapae,cabbage white,Animalia,312,Activity,Flower visitation,1,2014,125,2456783,-9999,-9999,2,-9999,-9999,1,2014,237,2456895,-9999,-9999,5,-9999,-9999,1,'43542'
10936,38.802597,-76.691757,17,MD,391,Pieris,rapae,cabbage white,Animalia,327,Activity,Active adults,1,2014,103,2456761,-9999,-9999,2,-9999,-9999,1,2014,250,2456908,-9999,-9999,1,-9999,-9999,1,'43542'
10936,38.802597,-76.691757,17,MD,391,Pieris,rapae,cabbage white,Animalia,330,Reproduction,Mating (lepidoptera),1,2014,164,2456822,-9999,-9999,4,-9999,-9999,1,2014,187,2456845,-9999,-9999,1,-9999,-9999,1,'43542'
16332,43.630539,-116.397247,786,ID,391,Pieris,rapae,cabbage white,Animalia,327,Activity,Active adults,1,2014,78,2456736,-9999,-9999,20,-9999,-9999,0,-9999,-9999,-9999,-9999,-9999,-9999,-9999,-9999,1,'64020'
16332,43.630539,-116.397247,786,ID,391,Pieris,rapae,cabbage white,Animalia,333,Development,Active caterpillars,1,2014,78,2456736,-9999,-9999,20,-9999,-9999,0,-9999,-9999,-9999,-9999,-9999,-9999,-9999,-9999,0,''
17241,42.82711,-73.710182,88,NY,391,Pieris,rapae,cabbage white,Animalia,327,Activity,Active adults,1,2014,116,2456774,-9999,-9999,7,-9999,-9999,0,-9999,-9999,-9999,-9999,-9999,-9999,-9999,-9999,0,''
18136,40.130169,-74.214233,26,NJ,391,Pieris,rapae,cabbage white,Animalia,312,Activity,Flower visitation,1,2014,197,2456855,-9999,-9999,19,-9999,-9999,0,-9999,-9999,-9999,-9999,-9999,-9999,-9999,-9999,0,''
2669,40.775406,-77.789986,334,PA,391,Pieris,rapae,cabbage white,Animalia,327,Activity,Active adults,1,2015,118,2457141,-9999,-9999,14,-9999,-9999,0,-9999,-9999,-9999,-9999,-9999,-9999,-9999,-9999,0,''
4846,41.437077,-81.864555,228,OH,391,Pieris,rapae,cabbage white,Animalia,327,Activity,Active adults,1,2015,108,2457131,-9999,-9999,3,-9999,-9999,1,2015,297,2457320,-9999,-9999,15,-9999,-9999,0,''
8736,44.903229,-93.217445,254,MN,391,Pieris,rapae,cabbage white,Animalia,312,Activity,Flower visitation,1,2015,167,2457190,-9999,-9999,1,-9999,-9999,1,2015,242,2457265,-9999,-9999,1,-9999,-9999,1,'28351'
8736,44.903229,-93.217445,254,MN,391,Pieris,rapae,cabbage white,Animalia,327,Activity,Active adults,1,2015,120,2457143,-9999,-9999,3,-9999,-9999,1,2015,258,2457281,-9999,-9999,1,-9999,-9999,1,'28351'
8947,37.521179,-77.52739,41,VA,391,Pieris,rapae,cabbage white,Animalia,327,Activity,Active adults,1,2015,106,2457129,-9999,-9999,6,-9999,-9999,1,2015,106,2457129,-9999,-9999,6,-9999,-9999,0,''
9044,44.272942,-73.947464,500,NY,391,Pieris,rapae,cabbage white,Animalia,312,Activity,Flower visitation,1,2015,134,2457157,-9999,-9999,3,-9999,-9999,0,-9999,-9999,-9999,-9999,-9999,-9999,-9999,-9999,0,''
9044,44.272942,-73.947464,500,NY,391,Pieris,rapae,cabbage white,Animalia,330,Reproduction,Mating (lepidoptera),1,2015,134,2457157,-9999,-9999,3,-9999,-9999,0,-9999,-9999,-9999,-9999,-9999,-9999,-9999,-9999,0,''
9973,44.57917,-123.261642,65,OR,391,Pieris,rapae,cabbage white,Animalia,327,Activity,Active adults,1,2015,94,2457117,-9999,-9999,9,-9999,-9999,0,-9999,-9999,-9999,-9999,-9999,-9999,-9999,-9999,0,''
10145,42.602543,-83.250992,272,MI,391,Pieris,rapae,cabbage white,Animalia,327,Activity,Active adults,1,2015,121,2457144,-9999,-9999,1,-9999,-9999,1,2015,320,2457343,-9999,-9999,1,-9999,-9999,1,'38859'
10936,38.802597,-76.691757,17,MD,391,Pieris,rapae,cabbage white,Animalia,312,Activity,Flower visitation,1,2015,104,2457127,-9999,-9999,1,-9999,-9999,1,2015,286,2457309,-9999,-9999,7,-9999,-9999,1,'43542'
10936,38.802597,-76.691757,17,MD,391,Pieris,rapae,cabbage white,Animalia,327,Activity,Active adults,1,2015,102,2457125,-9999,-9999,2,-9999,-9999,1,2015,286,2457309,-9999,-9999,7,-9999,-9999,1,'43542'
10936,38.802597,-76.691757,17,MD,391,Pieris,rapae,cabbage white,Animalia,330,Reproduction,Mating (lepidoptera),1,2015,104,2457127,-9999,-9999,1,-9999,-9999,1,2015,253,2457276,-9999,-9999,1,-9999,-9999,1,'43542'
19935,40.4189,-76.537842,150,PA,391,Pieris,rapae,cabbage white,Animalia,312,Activity,Flower visitation,1,2015,147,2457170,-9999,-9999,2,-9999,-9999,1,2015,265,2457288,-9999,-9999,8,-9999,-9999,1,'81221'
19935,40.4189,-76.537842,150,PA,391,Pieris,rapae,cabbage white,Animalia,327,Activity,Active adults,1,2015,102,2457125,-9999,-9999,5,-9999,-9999,1,2015,265,2457288,-9999,-9999,8,-9999,-9999,1,'81221'
19935,40.4189,-76.537842,150,PA,391,Pieris,rapae,cabbage white,Animalia,330,Reproduction,Mating (lepidoptera),1,2015,182,2457205,-9999,-9999,7,-9999,-9999,1,2015,182,2457205,-9999,-9999,8,-9999,-9999,0,''
20590,37.284962,-78.404274,117,VA,391,Pieris,rapae,cabbage white,Animalia,312,Activity,Flower visitation,0,-9999,-9999,-9999,-9999,-9999,-9999,-9999,-9999,1,2015,160,2457183,-9999,-9999,2,-9999,-9999,0,''
20590,37.284962,-78.404274,117,VA,391,Pieris,rapae,cabbage white,Animalia,327,Activity,Active adults,1,2015,170,2457193,-9999,-9999,8,-9999,-9999,1,2015,170,2457193,-9999,-9999,14,-9999,-9999,0,''
20600,37.302097,-78.391937,93,VA,391,Pieris,rapae,cabbage white,Animalia,327,Activity,Active adults,1,2015,165,2457188,-9999,-9999,3,-9999,-9999,1,2015,194,2457217,-9999,-9999,8,-9999,-9999,1,'90343'
21220,37.178749,-78.45594,122,VA,391,Pieris,rapae,cabbage white,Animalia,327,Activity,Active adults,0,-9999,-9999,-9999,-9999,-9999,-9999,-9999,-9999,1,2015,191,2457214,-9999,-9999,8,-9999,-9999,0,''
4846,41.437077,-81.864555,228,OH,391,Pieris,rapae,cabbage white,Animalia,327,Activity,Active adults,1,2016,121,2457509,-9999,-9999,7,-9999,-9999,0,-9999,-9999,-9999,-9999,-9999,-9999,-9999,-9999,0,''
8736,44.903229,-93.217445,254,MN,391,Pieris,rapae,cabbage white,Animalia,312,Activity,Flower visitation,1,2016,170,2457558,-9999,-9999,4,-9999,-9999,1,2016,178,2457566,-9999,-9999,2,-9999,-9999,1,'28351'
8736,44.903229,-93.217445,254,MN,391,Pieris,rapae,cabbage white,Animalia,327,Activity,Active adults,1,2016,127,2457515,-9999,-9999,3,-9999,-9999,1,2016,260,2457648,-9999,-9999,5,-9999,-9999,1,'28351'
10145,42.602543,-83.250992,272,MI,391,Pieris,rapae,cabbage white,Animalia,327,Activity,Active adults,1,2016,112,2457500,-9999,-9999,2,-9999,-9999,1,2016,321,2457709,-9999,-9999,1,-9999,-9999,1,'38859'
10936,38.802597,-76.691757,17,MD,391,Pieris,rapae,cabbage white,Animalia,312,Activity,Flower visitation,1,2016,209,2457597,-9999,-9999,8,-9999,-9999,1,2016,244,2457632,-9999,-9999,2,-9999,-9999,1,'43542'
10936,38.802597,-76.691757,17,MD,391,Pieris,rapae,cabbage white,Animalia,327,Activity,Active adults,1,2016,249,2457637,-9999,-9999,2,-9999,-9999,1,2016,300,2457688,-9999,-9999,4,-9999,-9999,0,''
10936,38.802597,-76.691757,17,MD,391,Pieris,rapae,cabbage white,Animalia,330,Reproduction,Mating (lepidoptera),1,2016,192,2457580,-9999,-9999,3,-9999,-9999,1,2016,217,2457605,-9999,-9999,6,-9999,-9999,1,'43542'
10936,38.802597,-76.691757,17,MD,391,Pieris,rapae,cabbage white,Animalia,447,Development,Caterpillars feeding,1,2016,192,2457580,-9999,-9999,3,-9999,-9999,1,2016,192,2457580,-9999,-9999,7,-9999,-9999,0,''
16696,44.65258,-93.632935,281,MN,391,Pieris,rapae,cabbage white,Animalia,312,Activity,Flower visitation,1,2016,173,2457561,-9999,-9999,27,-9999,-9999,0,-9999,-9999,-9999,-9999,-9999,-9999,-9999,-9999,0,''
16696,44.65258,-93.632935,281,MN,391,Pieris,rapae,cabbage white,Animalia,327,Activity,Active adults,1,2016,173,2457561,-9999,-9999,27,-9999,-9999,0,-9999,-9999,-9999,-9999,-9999,-9999,-9999,-9999,0,''
19935,40.4189,-76.537842,150,PA,391,Pieris,rapae,cabbage white,Animalia,312,Activity,Flower visitation,1,2016,197,2457585,-9999,-9999,13,-9999,-9999,1,2016,205,2457593,-9999,-9999,12,-9999,-9999,0,''
19935,40.4189,-76.537842,150,PA,391,Pieris,rapae,cabbage white,Animalia,327,Activity,Active adults,1,2016,89,2457477,-9999,-9999,12,-9999,-9999,1,2016,111,2457499,-9999,-9999,7,-9999,-9999,1,'81221'
19935,40.4189,-76.537842,150,PA,391,Pieris,rapae,cabbage white,Animalia,333,Development,Active caterpillars,1,2016,205,2457593,-9999,-9999,8,-9999,-9999,1,2016,205,2457593,-9999,-9999,12,-9999,-9999,0,''
19935,40.4189,-76.537842,150,PA,391,Pieris,rapae,cabbage white,Animalia,447,Development,Caterpillars feeding,1,2016,205,2457593,-9999,-9999,8,-9999,-9999,1,2016,205,2457593,-9999,-9999,12,-9999,-9999,0,''
20590,37.284962,-78.404274,117,VA,391,Pieris,rapae,cabbage white,Animalia,327,Activity,Active adults,1,2016,77,2457465,-9999,-9999,2,-9999,-9999,0,-9999,-9999,-9999,-9999,-9999,-9999,-9999,-9999,0,''
20600,37.302097,-78.391937,93,VA,391,Pieris,rapae,cabbage white,Animalia,327,Activity,Active adults,1,2016,73,2457461,-9999,-9999,1,-9999,-9999,1,2016,73,2457461,-9999,-9999,18,-9999,-9999,1,'90343'
21208,40.616524,-73.82502,5,NY,391,Pieris,rapae,cabbage white,Animalia,312,Activity,Flower visitation,0,-9999,-9999,-9999,-9999,-9999,-9999,-9999,-9999,1,2016,285,2457673,-9999,-9999,4,-9999,-9999,0,''
21208,40.616524,-73.82502,5,NY,391,Pieris,rapae,cabbage white,Animalia,327,Activity,Active adults,0,-9999,-9999,-9999,-9999,-9999,-9999,-9999,-9999,1,2016,285,2457673,-9999,-9999,4,-9999,-9999,0,''
21208,40.616524,-73.82502,5,NY,391,Pieris,rapae,cabbage white,Animalia,330,Reproduction,Mating (lepidoptera),0,-9999,-9999,-9999,-9999,-9999,-9999,-9999,-9999,1,2016,267,2457655,-9999,-9999,3,-9999,-9999,0,''
21220,37.178749,-78.45594,122,VA,391,Pieris,rapae,cabbage white,Animalia,327,Activity,Active adults,1,2016,93,2457481,-9999,-9999,18,-9999,-9999,0,-9999,-9999,-9999,-9999,-9999,-9999,-9999,-9999,0,''
22584,42.077557,-72.565239,46,MA,391,Pieris,rapae,cabbage white,Animalia,327,Activity,Active adults,1,2016,115,2457503,-9999,-9999,1,-9999,-9999,1,2016,252,2457640,-9999,-9999,2,-9999,-9999,1,'100749'
22868,37.429863,-121.913353,2,CA,1428,Hippodamia,convergens,convergent lady beetle,Animalia,445,Activity,Adults feeding,1,2016,77,2457465,-9999,-9999,1,-9999,-9999,0,-9999,-9999,-9999,-9999,-9999,-9999,-9999,-9999,0,''
22868,37.429863,-121.913353,2,CA,1428,Hippodamia,convergens,convergent lady beetle,Animalia,531,Reproduction,Eggs (on plant),1,2016,77,2457465,-9999,-9999,1,-9999,-9999,0,-9999,-9999,-9999,-9999,-9999,-9999,-9999,-9999,0,''
23537,42.684883,-86.017403,196,MI,391,Pieris,rapae,cabbage white,Animalia,327,Activity,Active adults,0,-9999,-9999,-9999,-9999,-9999,-9999,-9999,-9999,1,2016,127,2457515,-9999,-9999,13,-9999,-9999,0,''
23676,46.996738,-94.696556,430,MN,391,Pieris,rapae,cabbage white,Animalia,312,Activity,Flower visitation,1,2016,262,2457650,-9999,-9999,10,-9999,-9999,1,2016,250,2457638,-9999,-9999,2,-9999,-9999,1,'114629'
23676,46.996738,-94.696556,430,MN,391,Pieris,rapae,cabbage white,Animalia,327,Activity,Active adults,1,2016,262,2457650,-9999,-9999,10,-9999,-9999,1,2016,250,2457638,-9999,-9999,2,-9999,-9999,1,'114629'
2669,40.775406,-77.789986,334,PA,391,Pieris,rapae,cabbage white,Animalia,327,Activity,Active adults,1,2017,93,2457847,-9999,-9999,7,-9999,-9999,0,-9999,-9999,-9999,-9999,-9999,-9999,-9999,-9999,0,''
8736,44.903229,-93.217445,254,MN,391,Pieris,rapae,cabbage white,Animalia,312,Activity,Flower visitation,1,2017,206,2457960,-9999,-9999,1,-9999,-9999,1,2017,206,2457960,-9999,-9999,1,-9999,-9999,0,''
8736,44.903229,-93.217445,254,MN,391,Pieris,rapae,cabbage white,Animalia,327,Activity,Active adults,1,2017,122,2457876,-9999,-9999,7,-9999,-9999,1,2017,258,2458012,-9999,-9999,4,-9999,-9999,1,'28351'
10145,42.602543,-83.250992,272,MI,391,Pieris,rapae,cabbage white,Animalia,327,Activity,Active adults,1,2017,114,2457868,-9999,-9999,2,-9999,-9999,1,2017,291,2458045,-9999,-9999,1,-9999,-9999,1,'38859'
10936,38.802597,-76.691757,17,MD,391,Pieris,rapae,cabbage white,Animalia,312,Activity,Flower visitation,1,2017,264,2458018,-9999,-9999,24,-9999,-9999,1,2017,264,2458018,-9999,-9999,13,-9999,-9999,0,''
10936,38.802597,-76.691757,17,MD,391,Pieris,rapae,cabbage white,Animalia,327,Activity,Active adults,1,2017,264,2458018,-9999,-9999,24,-9999,-9999,1,2017,264,2458018,-9999,-9999,13,-9999,-9999,0,''
10936,38.802597,-76.691757,17,MD,391,Pieris,rapae,cabbage white,Animalia,330,Reproduction,Mating (lepidoptera),1,2017,200,2457954,-9999,-9999,7,-9999,-9999,1,2017,200,2457954,-9999,-9999,3,-9999,-9999,0,''
16696,44.65258,-93.632935,281,MN,391,Pieris,rapae,cabbage white,Animalia,327,Activity,Active adults,1,2017,127,2457881,-9999,-9999,19,-9999,-9999,1,2017,127,2457881,-9999,-9999,24,-9999,-9999,0,''
19935,40.4189,-76.537842,150,PA,391,Pieris,rapae,cabbage white,Animalia,327,Activity,Active adults,1,2017,117,2457871,-9999,-9999,4,-9999,-9999,1,2017,148,2457902,-9999,-9999,4,-9999,-9999,1,'81221'
24186,46.998295,-94.693855,406,MN,391,Pieris,rapae,cabbage white,Animalia,312,Activity,Flower visitation,1,2017,190,2457944,-9999,-9999,3,-9999,-9999,1,2017,226,2457980,-9999,-9999,1,-9999,-9999,1,'115534'
27446,34.060001,-118.136002,160,CA,391,Pieris,rapae,cabbage white,Animalia,312,Activity,Flower visitation,1,2017,256,2458010,-9999,-9999,6,-9999,-9999,1,2017,256,2458010,-9999,-9999,7,-9999,-9999,0,''
27446,34.060001,-118.136002,160,CA,391,Pieris,rapae,cabbage white,Animalia,327,Activity,Active adults,1,2017,256,2458010,-9999,-9999,6,-9999,-9999,1,2017,256,2458010,-9999,-9999,7,-9999,-9999,0,''
28093,44.727703,-93.624031,224,MN,391,Pieris,rapae,cabbage white,Animalia,327,Activity,Active adults,1,2017,292,2458046,-9999,-9999,9,-9999,-9999,1,2017,292,2458046,-9999,-9999,3,-9999,-9999,0,''
8736,44.903229,-93.217445,254,MN,391,Pieris,rapae,cabbage white,Animalia,312,Activity,Flower visitation,1,2018,196,2458315,-9999,-9999,3,-9999,-9999,1,2018,240,2458359,-9999,-9999,1,-9999,-9999,1,'28351'
8736,44.903229,-93.217445,254,MN,391,Pieris,rapae,cabbage white,Animalia,327,Activity,Active adults,1,2018,192,2458311,-9999,-9999,3,-9999,-9999,1,2018,258,2458377,-9999,-9999,1,-9999,-9999,1,'28351'
8736,44.903229,-93.217445,254,MN,391,Pieris,rapae,cabbage white,Animalia,330,Reproduction,Mating (lepidoptera),1,2018,258,2458377,-9999,-9999,1,-9999,-9999,1,2018,258,2458377,-9999,-9999,1,-9999,-9999,0,''
10145,42.602543,-83.250992,272,MI,391,Pieris,rapae,cabbage white,Animalia,327,Activity,Active adults,1,2018,120,2458239,-9999,-9999,1,-9999,-9999,1,2018,295,2458414,-9999,-9999,1,-9999,-9999,1,'38859'
10936,38.802597,-76.691757,17,MD,391,Pieris,rapae,cabbage white,Animalia,312,Activity,Flower visitation,1,2018,179,2458298,-9999,-9999,2,-9999,-9999,1,2018,190,2458309,-9999,-9999,4,-9999,-9999,1,'43542'
10936,38.802597,-76.691757,17,MD,391,Pieris,rapae,cabbage white,Animalia,327,Activity,Active adults,1,2018,179,2458298,-9999,-9999,2,-9999,-9999,1,2018,190,2458309,-9999,-9999,4,-9999,-9999,1,'43542'
10936,38.802597,-76.691757,17,MD,391,Pieris,rapae,cabbage white,Animalia,330,Reproduction,Mating (lepidoptera),1,2018,179,2458298,-9999,-9999,2,-9999,-9999,1,2018,201,2458320,-9999,-9999,6,-9999,-9999,1,'43542'
19935,40.4189,-76.537842,150,PA,391,Pieris,rapae,cabbage white,Animalia,312,Activity,Flower visitation,1,2018,183,2458302,-9999,-9999,10,-9999,-9999,1,2018,205,2458324,-9999,-9999,5,-9999,-9999,1,'81221'
19935,40.4189,-76.537842,150,PA,391,Pieris,rapae,cabbage white,Animalia,327,Activity,Active adults,1,2018,113,2458232,-9999,-9999,1,-9999,-9999,1,2018,299,2458418,-9999,-9999,7,-9999,-9999,1,'81221'
24186,46.998295,-94.693855,406,MN,391,Pieris,rapae,cabbage white,Animalia,327,Activity,Active adults,1,2018,134,2458253,-9999,-9999,1,-9999,-9999,1,2018,233,2458352,-9999,-9999,2,-9999,-9999,1,'115534'
25524,33.761486,-84.277054,298,GA,391,Pieris,rapae,cabbage white,Animalia,312,Activity,Flower visitation,0,-9999,-9999,-9999,-9999,-9999,-9999,-9999,-9999,1,2018,276,2458395,-9999,-9999,1,-9999,-9999,0,''
25524,33.761486,-84.277054,298,GA,391,Pieris,rapae,cabbage white,Animalia,327,Activity,Active adults,0,-9999,-9999,-9999,-9999,-9999,-9999,-9999,-9999,1,2018,276,2458395,-9999,-9999,1,-9999,-9999,0,''
28093,44.727703,-93.624031,224,MN,391,Pieris,rapae,cabbage white,Animalia,312,Activity,Flower visitation,1,2018,179,2458298,-9999,-9999,1,-9999,-9999,1,2018,249,2458368,-9999,-9999,2,-9999,-9999,1,'145434'
28093,44.727703,-93.624031,224,MN,391,Pieris,rapae,cabbage white,Animalia,327,Activity,Active adults,1,2018,123,2458242,-9999,-9999,4,-9999,-9999,1,2018,270,2458389,-9999,-9999,5,-9999,-9999,1,'145434'
30466,39.03577,-85.883804,176,IN,391,Pieris,rapae,cabbage white,Animalia,312,Activity,Flower visitation,1,2018,153,2458272,-9999,-9999,3,-9999,-9999,1,2018,284,2458403,-9999,-9999,9,-9999,-9999,1,'163753'
30466,39.03577,-85.883804,176,IN,391,Pieris,rapae,cabbage white,Animalia,327,Activity,Active adults,1,2018,255,2458374,-9999,-9999,2,-9999,-9999,1,2018,284,2458403,-9999,-9999,9,-9999,-9999,1,'163753'
30466,39.03577,-85.883804,176,IN,391,Pieris,rapae,cabbage white,Animalia,333,Development,Active caterpillars,1,2018,205,2458324,-9999,-9999,10,-9999,-9999,1,2018,284,2458403,-9999,-9999,9,-9999,-9999,1,'163753'
30466,39.03577,-85.883804,176,IN,391,Pieris,rapae,cabbage white,Animalia,336,Development,Dead caterpillars,1,2018,253,2458372,-9999,-9999,10,-9999,-9999,1,2018,253,2458372,-9999,-9999,2,-9999,-9999,0,''
30466,39.03577,-85.883804,176,IN,391,Pieris,rapae,cabbage white,Animalia,447,Development,Caterpillars feeding,1,2018,253,2458372,-9999,-9999,10,-9999,-9999,1,2018,277,2458396,-9999,-9999,7,-9999,-9999,1,'163753'
31773,34.23769,-118.454239,260,CA,391,Pieris,rapae,cabbage white,Animalia,327,Activity,Active adults,0,-9999,-9999,-9999,-9999,-9999,-9999,-9999,-9999,1,2018,310,2458429,-9999,-9999,6,-9999,-9999,0,''
32032,40.149258,-74.295044,38,NJ,391,Pieris,rapae,cabbage white,Animalia,312,Activity,Flower visitation,1,2018,283,2458402,-9999,-9999,7,-9999,-9999,1,2018,274,2458393,-9999,-9999,2,-9999,-9999,1,'175178'
32032,40.149258,-74.295044,38,NJ,391,Pieris,rapae,cabbage white,Animalia,327,Activity,Active adults,1,2018,283,2458402,-9999,-9999,7,-9999,-9999,1,2018,274,2458393,-9999,-9999,2,-9999,-9999,1,'175178'
32202,40.058689,-76.287155,100,PA,391,Pieris,rapae,cabbage white,Animalia,312,Activity,Flower visitation,0,-9999,-9999,-9999,-9999,-9999,-9999,-9999,-9999,1,2018,305,2458424,-9999,-9999,5,-9999,-9999,0,''
32202,40.058689,-76.287155,100,PA,391,Pieris,rapae,cabbage white,Animalia,327,Activity,Active adults,0,-9999,-9999,-9999,-9999,-9999,-9999,-9999,-9999,1,2018,305,2458424,-9999,-9999,5,-9999,-9999,0,''
8736,44.903229,-93.217445,254,MN,391,Pieris,rapae,cabbage white,Animalia,327,Activity,Active adults,1,2019,205,2458689,-9999,-9999,1,-9999,-9999,1,2019,247,2458731,-9999,-9999,1,-9999,-9999,1,'28351'
9652,44.768246,-94.155746,25,MN,391,Pieris,rapae,cabbage white,Animalia,312,Activity,Flower visitation,1,2019,260,2458744,-9999,-9999,3,-9999,-9999,1,2019,260,2458744,-9999,-9999,3,-9999,-9999,1,'139454'
10145,42.602543,-83.250992,272,MI,391,Pieris,rapae,cabbage white,Animalia,327,Activity,Active adults,1,2019,121,2458605,-9999,-9999,1,-9999,-9999,1,2019,301,2458785,-9999,-9999,1,-9999,-9999,1,'38859'
19935,40.4189,-76.537842,150,PA,391,Pieris,rapae,cabbage white,Animalia,312,Activity,Flower visitation,1,2019,180,2458664,-9999,-9999,9,-9999,-9999,1,2019,180,2458664,-9999,-9999,2,-9999,-9999,0,''
19935,40.4189,-76.537842,150,PA,391,Pieris,rapae,cabbage white,Animalia,327,Activity,Active adults,1,2019,94,2458578,-9999,-9999,11,-9999,-9999,1,2019,131,2458615,-9999,-9999,4,-9999,-9999,1,'81221'
24186,46.998295,-94.693855,406,MN,391,Pieris,rapae,cabbage white,Animalia,312,Activity,Flower visitation,1,2019,214,2458698,-9999,-9999,1,-9999,-9999,1,2019,245,2458729,-9999,-9999,2,-9999,-9999,1,'115534'
24186,46.998295,-94.693855,406,MN,391,Pieris,rapae,cabbage white,Animalia,327,Activity,Active adults,1,2019,188,2458672,-9999,-9999,1,-9999,-9999,1,2019,245,2458729,-9999,-9999,2,-9999,-9999,1,'115534'
28093,44.727703,-93.624031,224,MN,391,Pieris,rapae,cabbage white,Animalia,312,Activity,Flower visitation,1,2019,183,2458667,-9999,-9999,26,-9999,-9999,1,2019,214,2458698,-9999,-9999,5,-9999,-9999,1,'145434'
28093,44.727703,-93.624031,224,MN,391,Pieris,rapae,cabbage white,Animalia,330,Reproduction,Mating (lepidoptera),1,2019,250,2458734,-9999,-9999,21,-9999,-9999,0,-9999,-9999,-9999,-9999,-9999,-9999,-9999,-9999,0,''
30466,39.03577,-85.883804,176,IN,391,Pieris,rapae,cabbage white,Animalia,289,Development,Dead adults,1,2019,264,2458748,-9999,-9999,18,-9999,-9999,1,2019,264,2458748,-9999,-9999,9,-9999,-9999,0,''
30466,39.03577,-85.883804,176,IN,391,Pieris,rapae,cabbage white,Animalia,312,Activity,Flower visitation,1,2019,153,2458637,-9999,-9999,15,-9999,-9999,1,2019,301,2458785,-9999,-9999,15,-9999,-9999,1,'163753'
30466,39.03577,-85.883804,176,IN,391,Pieris,rapae,cabbage white,Animalia,327,Activity,Active adults,1,2019,153,2458637,-9999,-9999,15,-9999,-9999,1,2019,301,2458785,-9999,-9999,15,-9999,-9999,0,''
30466,39.03577,-85.883804,176,IN,391,Pieris,rapae,cabbage white,Animalia,333,Development,Active caterpillars,1,2019,169,2458653,-9999,-9999,16,-9999,-9999,1,2019,301,2458785,-9999,-9999,15,-9999,-9999,1,'163753'
30466,39.03577,-85.883804,176,IN,391,Pieris,rapae,cabbage white,Animalia,447,Development,Caterpillars feeding,1,2019,169,2458653,-9999,-9999,16,-9999,-9999,1,2019,301,2458785,-9999,-9999,15,-9999,-9999,1,'163753'
32458,37.620075,-77.470818,54,VA,391,Pieris,rapae,cabbage white,Animalia,312,Activity,Flower visitation,1,2019,88,2458572,-9999,-9999,7,-9999,-9999,1,2019,169,2458653,-9999,-9999,4,-9999,-9999,1,'179189'
32458,37.620075,-77.470818,54,VA,391,Pieris,rapae,cabbage white,Animalia,327,Activity,Active adults,1,2019,72,2458556,-9999,-9999,1,-9999,-9999,1,2019,173,2458657,-9999,-9999,11,-9999,-9999,1,'179189'
32458,37.620075,-77.470818,54,VA,391,Pieris,rapae,cabbage white,Animalia,333,Development,Active caterpillars,0,-9999,-9999,-9999,-9999,-9999,-9999,-9999,-9999,1,2019,280,2458764,-9999,-9999,4,-9999,-9999,0,''
32458,37.620075,-77.470818,54,VA,391,Pieris,rapae,cabbage white,Animalia,447,Development,Caterpillars feeding,0,-9999,-9999,-9999,-9999,-9999,-9999,-9999,-9999,1,2019,280,2458764,-9999,-9999,4,-9999,-9999,0,''
33657,41.987961,-87.724197,184,IL,391,Pieris,rapae,cabbage white,Animalia,330,Reproduction,Mating (lepidoptera),1,2019,123,2458607,-9999,-9999,9,-9999,-9999,0,-9999,-9999,-9999,-9999,-9999,-9999,-9999,-9999,0,''
8736,44.903229,-93.217445,254,MN,391,Pieris,rapae,cabbage white,Animalia,327,Activity,Active adults,1,2020,124,2458973,-9999,-9999,5,-9999,-9999,1,2020,124,2458973,-9999,-9999,1,-9999,-9999,0,''
10145,42.602543,-83.250992,272,MI,391,Pieris,rapae,cabbage white,Animalia,327,Activity,Active adults,1,2020,99,2458948,-9999,-9999,1,-9999,-9999,1,2020,168,2459017,-9999,-9999,1,-9999,-9999,1,'38859'
19935,40.4189,-76.537842,150,PA,391,Pieris,rapae,cabbage white,Animalia,327,Activity,Active adults,0,-9999,-9999,-9999,-9999,-9999,-9999,-9999,-9999,1,2020,125,2458974,-9999,-9999,16,-9999,-9999,0,''
23857,34.540024,-112.468498,1637,AZ,1428,Hippodamia,convergens,convergent lady beetle,Animalia,296,Reproduction,Mating (male on top),0,-9999,-9999,-9999,-9999,-9999,-9999,-9999,-9999,1,2020,116,2458965,-9999,-9999,7,-9999,-9999,0,''
30466,39.03577,-85.883804,176,IN,391,Pieris,rapae,cabbage white,Animalia,327,Activity,Active adults,1,2020,94,2458943,-9999,-9999,6,-9999,-9999,1,2020,122,2458971,-9999,-9999,13,-9999,-9999,1,'163753'
31287,42.383141,-71.098061,4,MA,391,Pieris,rapae,cabbage white,Animalia,312,Activity,Flower visitation,1,2020,147,2458996,-9999,-9999,4,-9999,-9999,1,2020,147,2458996,-9999,-9999,7,-9999,-9999,1,'241539'
31287,42.383141,-71.098061,4,MA,391,Pieris,rapae,cabbage white,Animalia,327,Activity,Active adults,1,2020,147,2458996,-9999,-9999,4,-9999,-9999,1,2020,147,2458996,-9999,-9999,7,-9999,-9999,1,'241539'
31287,42.383141,-71.098061,4,MA,391,Pieris,rapae,cabbage white,Animalia,443,Activity,Adults feeding (proboscis),1,2020,168,2459017,-9999,-9999,7,-9999,-9999,1,2020,168,2459017,-9999,-9999,7,-9999,-9999,0,''
31287,42.383141,-71.098061,4,MA,1385,Aphis,nerii,oleander aphid,Animalia,327,Activity,Active adults,1,2020,175,2459024,-9999,-9999,7,-9999,-9999,0,-9999,-9999,-9999,-9999,-9999,-9999,-9999,-9999,0,''
31287,42.383141,-71.098061,4,MA,1385,Aphis,nerii,oleander aphid,Animalia,445,Activity,Adults feeding,1,2020,175,2459024,-9999,-9999,7,-9999,-9999,0,-9999,-9999,-9999,-9999,-9999,-9999,-9999,-9999,0,''
32458,37.620075,-77.470818,54,VA,391,Pieris,rapae,cabbage white,Animalia,312,Activity,Flower visitation,1,2020,72,2458921,-9999,-9999,1,-9999,-9999,1,2020,72,2458921,-9999,-9999,5,-9999,-9999,0,''
32458,37.620075,-77.470818,54,VA,391,Pieris,rapae,cabbage white,Animalia,327,Activity,Active adults,1,2020,72,2458921,-9999,-9999,1,-9999,-9999,1,2020,77,2458926,-9999,-9999,6,-9999,-9999,0,''
32458,37.620075,-77.470818,54,VA,391,Pieris,rapae,cabbage white,Animalia,443,Activity,Adults feeding (proboscis),1,2020,72,2458921,-9999,-9999,1,-9999,-9999,1,2020,72,2458921,-9999,-9999,5,-9999,-9999,0,''
36882,34.543179,-112.472656,1625,AZ,1428,Hippodamia,convergens,convergent lady beetle,Animalia,296,Reproduction,Mating (male on top),1,2020,124,2458973,-9999,-9999,3,-9999,-9999,0,-9999,-9999,-9999,-9999,-9999,-9999,-9999,-9999,0,''
38991,42.49131,-83.200333,209,MI,391,Pieris,rapae,cabbage white,Animalia,312,Activity,Flower visitation,0,-9999,-9999,-9999,-9999,-9999,-9999,-9999,-9999,1,2020,152,2459001,-9999,-9999,4,-9999,-9999,0,''
38991,42.49131,-83.200333,209,MI,391,Pieris,rapae,cabbage white,Animalia,327,Activity,Active adults,1,2020,157,2459006,-9999,-9999,1,-9999,-9999,1,2020,161,2459010,-9999,-9999,5,-9999,-9999,0,''
38991,42.49131,-83.200333,209,MI,391,Pieris,rapae,cabbage white,Animalia,443,Activity,Adults feeding (proboscis),0,-9999,-9999,-9999,-9999,-9999,-9999,-9999,-9999,1,2020,152,2459001,-9999,-9999,4,-9999,-9999,0,''
